NP	ani
3994.300273838453	216
3001.708090477623	209
2250.016555275768	202
1690.7342388192192	187
1263.3211962562054	165
951.864145539701	150
714.2619762858376	125
531.9390051717344	85
404.16565915474314	44
295.8629560959945	31
223.69291594560747	15
173.11739914071416	6
122.27583414405433	4
96.33481749761856	2
69.45326199058043	0
58.571767273658075	3
41.96218477514651	3
28.034331950297375	2
22.12364778063817	3
22.370424978268648	1
13.544001007438371	1
5.816291578130155	1
