NP	ani
4003.252858250402	233
2996.6591586498544	232
2246.2741938550025	231
1688.730521114543	231
1271.3083064798266	231
945.6036983421072	230
711.8942122505978	230
534.5454106543618	228
399.8685268880578	199
299.82119032325693	127
226.12107144232397	75
164.80888214659547	16
126.38299353416858	8
91.27414049729711	6
67.53987192689972	3
51.788346700669386	3
43.575571688349214	1
24.210904905510862	1
27.957740666825305	1
20.189709837382043	0
17.083757297121654	1
11.393165506438642	1
