NP	ani
3999.640257751569	146
3003.0612813849	125
2246.0501892976463	108
1687.9141192389652	91
1260.6089125284925	75
955.1157194059342	64
707.7395525760949	48
537.2377709363061	37
396.02077210692335	30
295.01970349209853	22
222.86226499389414	18
163.2420470327944	12
129.90200219113228	4
93.32193544004119	5
54.620820884891906	4
34.59087535877791	3
26.75312357296588	4
27.85501143570615	4
18.65992194211235	5
12.42922677005149	3
8.319773682409256	4
66.43246259960877	5
