NP	ani
3995.0365752354264	256
2999.8336539594457	254
2250.646013041958	250
1689.6549870399758	249
1264.6861618543044	243
952.4653010554612	224
710.1612133048475	225
534.7612866096604	212
395.9053004830854	172
304.48767989831515	157
230.13504908076976	126
173.30270753007983	80
129.63470217581687	56
89.24662514459348	36
73.95220899443673	24
47.99821545306698	14
44.7875566515055	8
35.74237569601627	6
27.933922935757767	4
19.94935760164758	2
8.810940138981412	2
14.290003042684226	0
